{"cameraMode":{"drawMode":0,"name":"Shaded","section":"Shading Mode"},"sceneLighting":false,"audioPlay":false,"sceneViewState":{"showFog":true,"showMaterialUpdate":false,"showSkybox":false,"showFlares":true,"showImageEffects":true,"showParticleSystems":true},"in2DMode":false,"pivot":{"x":12.499999046325684,"y":1.0,"z":-0.0000014901161193847657},"rotation":{"x":-0.2900392711162567,"y":0.6786962151527405,"z":-0.33007916808128359,"w":-0.5899872183799744},"size":13.248104095458985,"orthographic":false}