{"cameraMode":{"drawMode":0,"name":"Shaded","section":"Shading Mode"},"sceneLighting":false,"audioPlay":false,"sceneViewState":{"showFog":true,"showMaterialUpdate":false,"showSkybox":false,"showFlares":true,"showImageEffects":true,"showParticleSystems":true},"in2DMode":false,"pivot":{"x":-30.387283325195314,"y":2.9433650970458986,"z":5.579732418060303},"rotation":{"x":-0.0018331804312765599,"y":0.9955319166183472,"z":-0.004330944735556841,"w":-0.10338767617940903},"size":7.575056552886963,"orthographic":false}