{"cameraMode":{"drawMode":0,"name":"Shaded","section":"Shading Mode"},"sceneLighting":true,"audioPlay":false,"sceneViewState":{"showFog":true,"showMaterialUpdate":false,"showSkybox":true,"showFlares":true,"showImageEffects":true,"showParticleSystems":true},"in2DMode":false,"pivot":{"x":14.592000007629395,"y":0.949999988079071,"z":-89.88899993896485},"rotation":{"x":0.05027223378419876,"y":-0.9350370764732361,"z":0.1298075020313263,"w":0.3309532403945923},"size":10.0,"orthographic":false}