{"cameraMode":{"drawMode":0,"name":"Shaded","section":"Shading Mode"},"sceneLighting":false,"audioPlay":false,"sceneViewState":{"showFog":true,"showMaterialUpdate":false,"showSkybox":false,"showFlares":true,"showImageEffects":true,"showParticleSystems":true},"in2DMode":false,"pivot":{"x":2.2009801864624025,"y":0.274076908826828,"z":-1.9048560857772828},"rotation":{"x":0.11504098027944565,"y":0.7229502201080322,"z":-0.12397956848144531,"w":0.6712146401405335},"size":0.6000173687934876,"orthographic":false}