{"cameraMode":{"drawMode":0,"name":"Shaded","section":"Shading Mode"},"sceneLighting":false,"audioPlay":false,"sceneViewState":{"showFog":true,"showMaterialUpdate":false,"showSkybox":false,"showFlares":true,"showImageEffects":true,"showParticleSystems":true},"in2DMode":false,"pivot":{"x":0.9796890020370483,"y":8.00170612335205,"z":-13.638741493225098},"rotation":{"x":0.009589361026883126,"y":0.9872599840164185,"z":-0.07590152323246002,"w":0.1457967758178711},"size":1.9346442222595215,"orthographic":false}