{"cameraMode":{"drawMode":0,"name":"Shaded","section":"Shading Mode"},"sceneLighting":false,"audioPlay":false,"sceneViewState":{"showFog":true,"showMaterialUpdate":false,"showSkybox":false,"showFlares":true,"showImageEffects":true,"showParticleSystems":true},"in2DMode":false,"pivot":{"x":0.010748445987701416,"y":9.812519073486329,"z":0.24871103465557099},"rotation":{"x":-0.23874156177043916,"y":0.7631771564483643,"z":-0.40195202827453616,"w":-0.44809234142303469},"size":0.3000170588493347,"orthographic":false}