{"cameraMode":{"drawMode":0,"name":"Shaded","section":"Shading Mode"},"sceneLighting":true,"audioPlay":false,"sceneViewState":{"showFog":true,"showMaterialUpdate":false,"showSkybox":true,"showFlares":true,"showImageEffects":true,"showParticleSystems":true},"in2DMode":false,"pivot":{"x":-5.548999786376953,"y":13.666175842285157,"z":35.45399856567383},"rotation":{"x":0.2537373900413513,"y":0.5520853996276856,"z":-0.17525969445705415,"w":0.7756937742233276},"size":12.124356269836426,"orthographic":false}