{"cameraMode":{"drawMode":0,"name":"Shaded","section":"Shading Mode"},"sceneLighting":true,"audioPlay":false,"sceneViewState":{"showFog":true,"showMaterialUpdate":false,"showSkybox":true,"showFlares":true,"showImageEffects":true,"showParticleSystems":true},"in2DMode":false,"pivot":{"x":-5.756925582885742,"y":3.3514273166656496,"z":38.36176300048828},"rotation":{"x":0.07258199900388718,"y":-0.8952401876449585,"z":0.15277990698814393,"w":0.41436558961868288},"size":0.4590727686882019,"orthographic":false}