{"cameraMode":{"drawMode":0,"name":"Shaded","section":"Shading Mode"},"sceneLighting":false,"audioPlay":false,"sceneViewState":{"showFog":true,"showMaterialUpdate":false,"showSkybox":false,"showFlares":true,"showImageEffects":true,"showParticleSystems":true},"in2DMode":false,"pivot":{"x":498.7864990234375,"y":743.977783203125,"z":283.628173828125},"rotation":{"x":-0.01843920908868313,"y":0.9810097813606262,"z":-0.11987632513046265,"w":-0.15575450658798219},"size":4546.5166015625,"orthographic":false}