{"cameraMode":{"drawMode":0,"name":"Shaded","section":"Shading Mode"},"sceneLighting":false,"audioPlay":false,"sceneViewState":{"showFog":true,"showMaterialUpdate":false,"showSkybox":false,"showFlares":true,"showImageEffects":true,"showParticleSystems":true},"in2DMode":false,"pivot":{"x":-5.774821758270264,"y":4.230801582336426,"z":-0.19447803497314454},"rotation":{"x":-0.2141888588666916,"y":0.022514766082167627,"z":0.0042019071988761429,"w":0.9774400591850281},"size":10.163071632385254,"orthographic":false}