{"cameraMode":{"drawMode":0,"name":"Shaded","section":"Shading Mode"},"sceneLighting":false,"audioPlay":false,"sceneViewState":{"showFog":true,"showMaterialUpdate":false,"showSkybox":false,"showFlares":true,"showImageEffects":true,"showParticleSystems":true},"in2DMode":false,"pivot":{"x":0.0971667468547821,"y":1.054657220840454,"z":-2.003263473510742},"rotation":{"x":0.0025853298138827087,"y":-0.9973024725914002,"z":-0.04310666769742966,"w":-0.06136459857225418},"size":1.6263997554779053,"orthographic":false}