{"cameraMode":{"drawMode":0,"name":"Shaded","section":"Shading Mode"},"sceneLighting":false,"audioPlay":false,"sceneViewState":{"showFog":true,"showMaterialUpdate":false,"showSkybox":false,"showFlares":true,"showImageEffects":true,"showParticleSystems":true},"in2DMode":false,"pivot":{"x":5.482848644256592,"y":2.30207896232605,"z":0.638027012348175},"rotation":{"x":-0.017975905910134317,"y":0.7712789177894592,"z":0.0022883922792971136,"w":0.6377878189086914},"size":0.000017320508050033823,"orthographic":false}