{"cameraMode":{"drawMode":0,"name":"Shaded","section":"Shading Mode"},"sceneLighting":true,"audioPlay":false,"sceneViewState":{"showFog":true,"showMaterialUpdate":false,"showSkybox":true,"showFlares":true,"showImageEffects":true,"showParticleSystems":true},"in2DMode":false,"pivot":{"x":41.32798385620117,"y":2.890420436859131,"z":49.304718017578128},"rotation":{"x":-0.2730596363544464,"y":0.6699499487876892,"z":-0.275381863117218,"w":-0.634596586227417},"size":0.11842654645442963,"orthographic":false}