{"cameraMode":{"drawMode":0,"name":"Shaded","section":"Shading Mode"},"sceneLighting":false,"audioPlay":false,"sceneViewState":{"showFog":true,"showMaterialUpdate":false,"showSkybox":false,"showFlares":true,"showImageEffects":true,"showParticleSystems":true},"in2DMode":false,"pivot":{"x":833.142822265625,"y":127.84164428710938,"z":-107.93167114257813},"rotation":{"x":0.10658694058656693,"y":-0.6123337149620056,"z":0.07899152487516403,"w":0.7805569767951965},"size":240.74673461914063,"orthographic":false}