{"cameraMode":{"drawMode":0,"name":"Shaded","section":"Shading Mode"},"sceneLighting":true,"audioPlay":false,"sceneViewState":{"showFog":true,"showMaterialUpdate":false,"showSkybox":true,"showFlares":true,"showImageEffects":true,"showParticleSystems":true},"in2DMode":false,"pivot":{"x":-14.426765441894532,"y":1.9232361316680909,"z":-1.7019720077514649},"rotation":{"x":0.008644744753837586,"y":0.6064919233322144,"z":-0.00648860726505518,"w":0.795120358467102},"size":0.3073950409889221,"orthographic":false}