{"cameraMode":{"drawMode":0,"name":"Shaded","section":"Shading Mode"},"sceneLighting":false,"audioPlay":false,"sceneViewState":{"showFog":true,"showMaterialUpdate":false,"showSkybox":false,"showFlares":true,"showImageEffects":true,"showParticleSystems":true},"in2DMode":false,"pivot":{"x":-0.7959804534912109,"y":7.398523330688477,"z":-1.663029432296753},"rotation":{"x":-0.2207566350698471,"y":0.7411825060844421,"z":-0.2838691174983978,"w":-0.5684380531311035},"size":13.248106956481934,"orthographic":false}