{"cameraMode":{"drawMode":0,"name":"Shaded","section":"Shading Mode"},"sceneLighting":false,"audioPlay":false,"sceneViewState":{"showFog":true,"showMaterialUpdate":false,"showSkybox":false,"showFlares":true,"showImageEffects":true,"showParticleSystems":true},"in2DMode":false,"pivot":{"x":4.5453948974609379,"y":-3.978177547454834,"z":-10.38998794555664},"rotation":{"x":-0.0758739560842514,"y":0.9345688819885254,"z":-0.212184339761734,"w":-0.27887994050979617},"size":7.22998571395874,"orthographic":false}