{"cameraMode":{"drawMode":0,"name":"Shaded","section":"Shading Mode"},"sceneLighting":false,"audioPlay":false,"sceneViewState":{"showFog":true,"showMaterialUpdate":false,"showSkybox":false,"showFlares":true,"showImageEffects":true,"showParticleSystems":true},"in2DMode":false,"pivot":{"x":-9.220000267028809,"y":2.059999942779541,"z":4.800000190734863},"rotation":{"x":-0.2141888588666916,"y":0.022514766082167627,"z":0.0042019071988761429,"w":0.9774400591850281},"size":10.596806526184082,"orthographic":false}