{"cameraMode":{"drawMode":0,"name":"Shaded","section":"Shading Mode"},"sceneLighting":false,"audioPlay":false,"sceneViewState":{"showFog":true,"showMaterialUpdate":false,"showSkybox":false,"showFlares":true,"showImageEffects":true,"showParticleSystems":true},"in2DMode":false,"pivot":{"x":-2.4060635566711427,"y":0.022356510162353517,"z":9.733992576599121},"rotation":{"x":0.039464034140110019,"y":0.7759653925895691,"z":0.0510646253824234,"w":-0.6288931369781494},"size":0.26601433753967287,"orthographic":false}