{"cameraMode":{"drawMode":0,"name":"Shaded","section":"Shading Mode"},"sceneLighting":false,"audioPlay":false,"sceneViewState":{"showFog":true,"showMaterialUpdate":false,"showSkybox":false,"showFlares":true,"showImageEffects":true,"showParticleSystems":true},"in2DMode":false,"pivot":{"x":-3.0869877338409426,"y":0.7906759977340698,"z":3.354780912399292},"rotation":{"x":0.07098770886659622,"y":0.35458967089653017,"z":0.028552372008562089,"w":-0.9328479766845703},"size":0.000017320508050033823,"orthographic":false}