{"cameraMode":{"drawMode":0,"name":"Shaded","section":"Shading Mode"},"sceneLighting":false,"audioPlay":false,"sceneViewState":{"showFog":true,"showMaterialUpdate":false,"showSkybox":false,"showFlares":true,"showImageEffects":true,"showParticleSystems":true},"in2DMode":false,"pivot":{"x":0.00000368192013411317,"y":9.999996185302735,"z":0.0000036389023989613635},"rotation":{"x":-0.2900392711162567,"y":0.6786962151527405,"z":-0.33007916808128359,"w":-0.5899872183799744},"size":2.400017023086548,"orthographic":false}