{"cameraMode":{"drawMode":0,"name":"Shaded","section":"Shading Mode"},"sceneLighting":false,"audioPlay":false,"sceneViewState":{"showFog":true,"showMaterialUpdate":false,"showSkybox":false,"showFlares":true,"showImageEffects":true,"showParticleSystems":true},"in2DMode":false,"pivot":{"x":-0.05412118136882782,"y":1.5329852104187012,"z":5.807987213134766},"rotation":{"x":-0.2141888588666916,"y":0.022514766082167627,"z":0.0042019071988761429,"w":0.9774400591850281},"size":1.5240219831466675,"orthographic":false}