{"cameraMode":{"drawMode":0,"name":"Shaded","section":"Shading Mode"},"sceneLighting":false,"audioPlay":false,"sceneViewState":{"showFog":true,"showMaterialUpdate":false,"showSkybox":false,"showFlares":true,"showImageEffects":true,"showParticleSystems":true},"in2DMode":false,"pivot":{"x":192.35987854003907,"y":-23.61805534362793,"z":-160.70533752441407},"rotation":{"x":-0.025031106546521188,"y":-0.9742997288703919,"z":0.12961120903491975,"w":-0.18620218336582185},"size":38.8837776184082,"orthographic":false}