{"cameraMode":{"drawMode":0,"name":"Shaded","section":"Shading Mode"},"sceneLighting":false,"audioPlay":false,"sceneViewState":{"showFog":true,"showMaterialUpdate":false,"showSkybox":false,"showFlares":true,"showImageEffects":true,"showParticleSystems":true},"in2DMode":false,"pivot":{"x":0.0000066816301114158708,"y":9.999993324279786,"z":0.000008504193829139695},"rotation":{"x":-0.36536842584609988,"y":0.5830513834953308,"z":-0.3244161605834961,"w":-0.6504611372947693},"size":6.126590728759766,"orthographic":false}