{"cameraMode":{"drawMode":0,"name":"Shaded","section":"Shading Mode"},"sceneLighting":false,"audioPlay":false,"sceneViewState":{"showFog":true,"showMaterialUpdate":false,"showSkybox":false,"showFlares":true,"showImageEffects":true,"showParticleSystems":true},"in2DMode":false,"pivot":{"x":0.010598011314868927,"y":0.48501718044281008,"z":-0.3660271167755127},"rotation":{"x":-0.41873645782470705,"y":0.016995815560221673,"z":0.007062193937599659,"w":0.9089068174362183},"size":0.7080084681510925,"orthographic":false}