{"cameraMode":{"drawMode":0,"name":"Shaded","section":"Shading Mode"},"sceneLighting":true,"audioPlay":false,"sceneViewState":{"showFog":true,"showMaterialUpdate":false,"showSkybox":true,"showFlares":true,"showImageEffects":true,"showParticleSystems":true},"in2DMode":false,"pivot":{"x":1.4346544742584229,"y":0.2868430018424988,"z":13.270540237426758},"rotation":{"x":0.21062542498111726,"y":0.003905068850144744,"z":-0.0005259041208773851,"w":0.9780979156494141},"size":1.1023259162902833,"orthographic":false}