{"cameraMode":{"drawMode":0,"name":"Shaded","section":"Shading Mode"},"sceneLighting":false,"audioPlay":false,"sceneViewState":{"showFog":true,"showMaterialUpdate":false,"showSkybox":false,"showFlares":true,"showImageEffects":true,"showParticleSystems":true},"in2DMode":false,"pivot":{"x":-2.5060360431671144,"y":2.07718825340271,"z":-0.14128966629505158},"rotation":{"x":0.05298880487680435,"y":0.8525305390357971,"z":0.11277734488248825,"w":-0.5095469355583191},"size":1.2000173330307007,"orthographic":false}