{"cameraMode":{"drawMode":0,"name":"Shaded","section":"Shading Mode"},"sceneLighting":false,"audioPlay":false,"sceneViewState":{"showFog":true,"showMaterialUpdate":false,"showSkybox":false,"showFlares":true,"showImageEffects":true,"showParticleSystems":true},"in2DMode":false,"pivot":{"x":12.95114517211914,"y":-12.508232116699219,"z":-37.12987518310547},"rotation":{"x":0.17875561118125916,"y":0.8188841342926025,"z":-0.36077648401260378,"w":0.4112267792224884},"size":58.197906494140628,"orthographic":false}