{"cameraMode":{"drawMode":0,"name":"Shaded","section":"Shading Mode"},"sceneLighting":false,"audioPlay":false,"sceneViewState":{"showFog":true,"showMaterialUpdate":false,"showSkybox":false,"showFlares":true,"showImageEffects":true,"showParticleSystems":true},"in2DMode":false,"pivot":{"x":430.20001220703127,"y":82.35549926757813,"z":0.0},"rotation":{"x":0.10943033546209336,"y":-0.5250222682952881,"z":0.06388679146766663,"w":0.8426843881607056},"size":58.05592727661133,"orthographic":false}