{"cameraMode":{"drawMode":0,"name":"Shaded","section":"Shading Mode"},"sceneLighting":false,"audioPlay":false,"sceneViewState":{"showFog":true,"showMaterialUpdate":false,"showSkybox":false,"showFlares":true,"showImageEffects":true,"showParticleSystems":true},"in2DMode":false,"pivot":{"x":1.5565993785858155,"y":0.6103916168212891,"z":-1.9973527193069459},"rotation":{"x":0.15393097698688508,"y":0.8232044577598572,"z":-0.26456689834594729,"w":0.4800364077091217},"size":0.6000173687934876,"orthographic":false}