{"cameraMode":{"drawMode":0,"name":"Shaded","section":"Shading Mode"},"sceneLighting":true,"audioPlay":false,"sceneViewState":{"showFog":true,"showMaterialUpdate":false,"showSkybox":true,"showFlares":true,"showImageEffects":true,"showParticleSystems":true},"in2DMode":false,"pivot":{"x":34.779998779296878,"y":0.0,"z":42.297821044921878},"rotation":{"x":0.0941261500120163,"y":-0.7140236496925354,"z":0.08189369738101959,"w":0.6907251477241516},"size":10.024969100952149,"orthographic":false}