{"cameraMode":{"drawMode":0,"name":"Shaded","section":"Shading Mode"},"sceneLighting":false,"audioPlay":false,"sceneViewState":{"showFog":true,"showMaterialUpdate":false,"showSkybox":false,"showFlares":true,"showImageEffects":true,"showParticleSystems":true},"in2DMode":false,"pivot":{"x":-0.022150397300720216,"y":9.91494369506836,"z":0.8756446242332459},"rotation":{"x":-0.3823412358760834,"y":0.5575201511383057,"z":-0.3166697025299072,"w":-0.6667053699493408},"size":1.2000170946121216,"orthographic":false}